,BSS,DySS,DSM,RSM,R1FI,R,C,DySS > BSS,DySS > DSM,DySS > RSM,DySS > R1FI,R1FI > DSM,DySS EQ,Perfect EQ
0,10.0,10.0,10.0,10.0,10.0,"[[[5.0, 4.0], [5.0, 1.0]]]","[[[3.0, 4.0], [5.0, 5.0]]]",False,False,False,False,False,"[('x0_0,', 1.0), ('x0_1,', 0.0), ('x1_0,0', 0.0), ('x1_1,0', 1.0), ('x1_0,1', 1.0), ('x1_1,1', 0.0), ('y0_0-0', 1.0), ('y0_1-0', -0.0), ('y0_0-1', -0.0), ('y0_1-1', -0.0), ('a0', 8.0)]","[[('x_0', 0.0), ('x_1', 1.0)]]"
0,8.0,8.0,8.0,8.0,8.0,"[[[4.0, 2.0], [3.0, 6.0]]]","[[[7.0, 2.0], [7.0, 0.0]]]",False,False,False,False,False,"[('x0_0,', 1.0), ('x0_1,', 0.0), ('x1_0,0', 1.0), ('x1_1,0', 0.0), ('x1_0,1', 0.0), ('x1_1,1', 1.0), ('y0_0-0', 1.0), ('y0_1-0', 0.0), ('y0_0-1', 0.0), ('y0_1-1', 0.0), ('a0', 14.0)]","[[('x_0', 1.0), ('x_1', 0.0)]]"
0,12.0,12.0,12.0,12.0,12.0,"[[[6.0, 7.0], [6.0, 6.0]]]","[[[7.0, 3.0], [4.0, 1.0]]]",False,False,False,False,False,"[('x0_0,', 1.0), ('x0_1,', 0.0), ('x1_0,0', 1.0), ('x1_1,0', 0.0), ('x1_0,1', 0.0), ('x1_1,1', 1.0), ('y0_0-0', 1.0), ('y0_1-0', 0.0), ('y0_0-1', 0.0), ('y0_1-1', 0.0), ('a0', 14.0)]","[[('x_0', 1.0), ('x_1', 0.0)]]"
0,2.0,2.510204081632653,2.0,1.9999999916936335,2.0,"[[[1.0, 0.0], [1.0, 2.0]]]","[[[1.0, 2.0], [6.0, 0.0]]]",True,True,True,True,False,"[('x0_0,', 0.24489795918367352), ('x0_1,', 0.7551020408163265), ('x1_0,0', 0.857142857142857), ('x1_1,0', 0.14285714285714302), ('x1_0,1', 0.0), ('x1_1,1', 1.0), ('y0_0-0', 0.0), ('y0_1-0', 0.0), ('y0_0-1', 1.0), ('y0_1-1', 0.0), ('a0', 6.4897959183673475)]","[[('x_0', 0.0), ('x_1', 1.0)]]"
0,6.0,6.0,6.0,6.0,6.0,"[[[3.0, 0.0], [1.0, 1.0]]]","[[[5.0, 2.0], [6.0, 4.0]]]",False,False,False,False,False,"[('x0_0,', 1.0), ('x0_1,', 0.0), ('x1_0,0', 1.0), ('x1_1,0', 0.0), ('x1_0,1', 0.0), ('x1_1,1', 1.0), ('y0_0-0', 1.0), ('y0_1-0', 0.0), ('y0_0-1', 0.0), ('y0_1-1', 0.0), ('a0', 10.0)]","[[('x_0', 1.0), ('x_1', 0.0)]]"
0,10.0,10.0,10.0,9.999999339705237,10.0,"[[[5.0, 7.0], [2.0, 5.0]]]","[[[4.0, 1.0], [4.0, 4.0]]]",False,False,True,False,False,"[('x0_0,', 1.0), ('x0_1,', 0.0), ('x1_0,0', 1.0), ('x1_1,0', 0.0), ('x1_0,1', 1.0), ('x1_1,1', 0.0), ('y0_0-0', 1.0), ('y0_1-0', -0.0), ('y0_0-1', -0.0), ('y0_1-1', -0.0), ('a0', 8.0)]","[[('x_0', 1.0), ('x_1', 0.0)]]"
0,12.0,12.0,12.0,12.0,12.0,"[[[6.0, 4.0], [0.0, 0.0]]]","[[[5.0, 0.0], [3.0, 4.0]]]",False,False,False,False,False,"[('x0_0,', 1.0), ('x0_1,', 0.0), ('x1_0,0', 1.0), ('x1_1,0', 0.0), ('x1_0,1', 0.0), ('x1_1,1', 1.0), ('y0_0-0', 1.0), ('y0_1-0', 0.0), ('y0_0-1', 0.0), ('y0_1-1', 0.0), ('a0', 10.0)]","[[('x_0', 1.0), ('x_1', 0.0)]]"
0,8.0,8.0,8.0,8.0,8.0,"[[[6.0, 0.0], [2.0, 2.0]]]","[[[2.0, 7.0], [7.0, 2.0]]]",False,False,False,False,False,"[('x0_0,', 0.5), ('x0_1,', 0.4999999999999999), ('x1_0,0', 0.5), ('x1_1,0', 0.5), ('x1_0,1', 0.5), ('x1_1,1', 0.5), ('y0_0-0', 1.0), ('y0_1-0', 0.0), ('y0_0-1', 0.0), ('y0_1-1', 0.0), ('a0', 9.0)]","[[('x_0', 0.5), ('x_1', 0.5)]]"
0,8.0,8.0,8.0,8.0,8.0,"[[[2.0, 5.0], [4.0, 6.0]]]","[[[5.0, 4.0], [5.0, 1.0]]]",False,False,False,False,False,"[('x0_0,', 0.0), ('x0_1,', 1.0), ('x1_0,0', 0.0), ('x1_1,0', 1.0), ('x1_0,1', 0.0), ('x1_1,1', 1.0), ('y0_0-0', 1.0), ('y0_1-0', 0.0), ('y0_0-1', 0.0), ('y0_1-1', 0.0), ('a0', 10.0)]","[[('x_0', 0.0), ('x_1', 1.0)]]"
0,14.0,14.0,14.0,14.0,14.0,"[[[6.0, 0.0], [2.0, 7.0]]]","[[[7.0, 6.0], [1.0, 6.0]]]",False,False,False,False,False,"[('x0_0,', 0.0), ('x0_1,', 1.0), ('x1_0,0', 0.0), ('x1_1,0', 1.0), ('x1_0,1', 0.0), ('x1_1,1', 1.0), ('y0_0-0', 0.0), ('y0_1-0', 0.0), ('y0_0-1', 0.0), ('y0_1-1', 1.0), ('a0', 12.0)]","[[('x_0', 0.0), ('x_1', 1.0)]]"
0,12.0,12.0,12.0,12.0,12.0,"[[[4.0, 6.0], [1.0, 5.0]]]","[[[3.0, 7.0], [5.0, 6.0]]]",False,False,False,False,False,"[('x0_0,', 1.0), ('x0_1,', 0.0), ('x1_0,0', 1.0), ('x1_1,0', 0.0), ('x1_0,1', 1.0), ('x1_1,1', 0.0), ('y0_0-0', 0.0), ('y0_1-0', 0.0), ('y0_0-1', 0.0), ('y0_1-1', 1.0), ('a0', 14.0)]","[[('x_0', 1.0), ('x_1', 0.0)]]"
0,12.0,12.0,12.0,11.999999983478117,12.0,"[[[3.0, 3.0], [1.0, 6.0]]]","[[[4.0, 1.0], [3.0, 7.0]]]",False,False,True,False,False,"[('x0_0,', 0.0), ('x0_1,', 1.0), ('x1_0,0', 0.0), ('x1_1,0', 1.0), ('x1_0,1', 0.0), ('x1_1,1', 1.0), ('y0_0-0', -0.0), ('y0_1-0', -0.0), ('y0_0-1', -0.0), ('y0_1-1', 1.0), ('a0', 14.0)]","[[('x_0', 0.0), ('x_1', 1.0)]]"
0,14.0,14.0,14.0,14.0,14.0,"[[[5.0, 7.0], [2.0, 6.0]]]","[[[0.0, 4.0], [1.0, 5.0]]]",False,False,False,False,False,"[('x0_0,', 1.0), ('x0_1,', 0.0), ('x1_0,0', 0.0), ('x1_1,0', 1.0), ('x1_0,1', 1.0), ('x1_1,1', 0.0), ('y0_0-0', 0.0), ('y0_1-0', 0.0), ('y0_0-1', 0.0), ('y0_1-1', 1.0), ('a0', 8.0)]","[[('x_0', 1.0), ('x_1', 0.0)]]"
0,14.0,14.0,14.0,14.0,14.0,"[[[6.0, 1.0], [7.0, 4.0]]]","[[[7.0, 0.0], [3.0, 0.0]]]",False,False,False,False,False,"[('x0_0,', 0.0), ('x0_1,', 1.0), ('x1_0,0', 0.0), ('x1_1,0', 1.0), ('x1_0,1', 0.0), ('x1_1,1', 1.0), ('y0_0-0', 1.0), ('y0_1-0', 0.0), ('y0_0-1', 0.0), ('y0_1-1', 0.0), ('a0', 6.0)]","[[('x_0', 0.0), ('x_1', 1.0)]]"
0,12.0,12.0,12.0,11.999999990410267,12.0,"[[[7.0, 6.0], [1.0, 1.0]]]","[[[0.0, 2.0], [5.0, 5.0]]]",False,False,True,False,False,"[('x0_0,', 1.0), ('x0_1,', 0.0), ('x1_0,0', 1.0), ('x1_1,0', 0.0), ('x1_0,1', 1.0), ('x1_1,1', 0.0), ('y0_0-0', -0.0), ('y0_1-0', -0.0), ('y0_0-1', -0.0), ('y0_1-1', 1.0), ('a0', 4.0)]","[[('x_0', 1.0), ('x_1', 0.0)]]"
0,2.0,5.0,2.0,2.0,2.0,"[[[0.0, 3.0], [1.0, 4.0]]]","[[[2.0, 1.0], [4.0, 3.0]]]",True,True,True,True,False,"[('x0_0,', 0.0), ('x0_1,', 1.0), ('x1_0,0', 1.0), ('x1_1,0', 0.0), ('x1_0,1', 0.0), ('x1_1,1', 1.0), ('y0_0-0', 0.0), ('y0_1-0', 0.0), ('y0_0-1', 1.0), ('y0_1-1', 0.0), ('a0', 7.0)]","[[('x_0', 0.0), ('x_1', 1.0)]]"
0,14.0,14.0,14.0,14.0,14.0,"[[[7.0, 5.0], [2.0, 7.0]]]","[[[0.0, 0.0], [7.0, 3.0]]]",False,False,False,False,False,"[('x0_0,', 1.0), ('x0_1,', 0.0), ('x1_0,0', 1.0), ('x1_1,0', 0.0), ('x1_0,1', 1.0), ('x1_1,1', 0.0), ('y0_0-0', 1.0), ('y0_1-0', -0.0), ('y0_0-1', -0.0), ('y0_1-1', -0.0), ('a0', 0.0)]","[[('x_0', 1.0), ('x_1', 0.0)]]"
0,14.0,14.0,14.0,14.0,14.0,"[[[3.0, 7.0], [7.0, 4.0]]]","[[[1.0, 4.0], [0.0, 2.0]]]",False,False,False,False,False,"[('x0_0,', 0.0), ('x0_1,', 1.0), ('x1_0,0', 1.0), ('x1_1,0', 0.0), ('x1_0,1', 0.0), ('x1_1,1', 1.0), ('y0_0-0', 0.0), ('y0_1-0', 1.0), ('y0_0-1', 0.0), ('y0_1-1', 0.0), ('a0', 4.0)]","[[('x_0', 1.0), ('x_1', 0.0)]]"
0,12.0,12.0,12.0,12.0,12.0,"[[[6.0, 4.0], [0.0, 5.0]]]","[[[4.0, 2.0], [6.0, 1.0]]]",False,False,False,False,False,"[('x0_0,', 1.0), ('x0_1,', 0.0), ('x1_0,0', 1.0), ('x1_1,0', 0.0), ('x1_0,1', 0.0), ('x1_1,1', 1.0), ('y0_0-0', 1.0), ('y0_1-0', 0.0), ('y0_0-1', 0.0), ('y0_1-1', 0.0), ('a0', 8.0)]","[[('x_0', 1.0), ('x_1', 0.0)]]"
0,3.428571428571429,3.4285714285714297,3.4285714285714284,3.428571412024724,3.4285714285714284,"[[[0.0, 2.0], [4.0, 0.0]]]","[[[7.0, 4.0], [2.0, 6.0]]]",True,True,True,True,False,"[('x0_0,', 0.571428571428571), ('x0_1,', 0.4285714285714291), ('x1_0,0', 0.5714285714285717), ('x1_1,0', 0.42857142857142827), ('x1_0,1', 0.5714285714285711), ('x1_1,1', 0.42857142857142894), ('y0_0-0', 1.0), ('y0_1-0', 0.0), ('y0_0-1', 0.0), ('y0_1-1', 0.0), ('a0', 9.714285714285714)]","[[('x_0', 0.5714285714285714), ('x_1', 0.42857142857142855)]]"
0,10.0,10.0,10.0,9.999999993348611,10.0,"[[[3.0, 5.0], [5.0, 0.0]]]","[[[3.0, 7.0], [6.0, 4.0]]]",False,False,True,False,False,"[('x0_0,', 1.0), ('x0_1,', 0.0), ('x1_0,0', 0.0), ('x1_1,0', 1.0), ('x1_0,1', 1.0), ('x1_1,1', 0.0), ('y0_0-0', 0.0), ('y0_1-0', 0.0), ('y0_0-1', 0.0), ('y0_1-1', 1.0), ('a0', 14.0)]","[[('x_0', 0.0), ('x_1', 1.0)]]"
0,10.0,11.0,10.0,9.999999983448626,10.0,"[[[5.0, 6.0], [2.0, 4.0]]]","[[[6.0, 3.0], [2.0, 3.0]]]",True,True,True,True,False,"[('x0_0,', 1.0), ('x0_1,', 0.0), ('x1_0,0', 0.25), ('x1_1,0', 0.75), ('x1_0,1', 1.0), ('x1_1,1', 0.0), ('y0_0-0', -0.0), ('y0_1-0', -0.0), ('y0_0-1', 1.0), ('y0_1-1', -0.0), ('a0', 9.0)]","[[('x_0', 1.0), ('x_1', 0.0)]]"
0,12.0,12.0,12.0,12.0,12.0,"[[[6.0, 1.0], [5.0, 3.0]]]","[[[5.0, 0.0], [4.0, 4.0]]]",False,False,False,False,False,"[('x0_0,', 1.0), ('x0_1,', 0.0), ('x1_0,0', 1.0), ('x1_1,0', 0.0), ('x1_0,1', 0.0), ('x1_1,1', 1.0), ('y0_0-0', 1.0), ('y0_1-0', -0.0), ('y0_0-1', -0.0), ('y0_1-1', -0.0), ('a0', 10.0)]","[[('x_0', 1.0), ('x_1', 0.0)]]"
0,6.0,6.0,6.0,5.999999983465381,6.0,"[[[2.0, 3.0], [1.0, 1.0]]]","[[[1.0, 5.0], [7.0, 1.0]]]",False,False,True,False,False,"[('x0_0,', 1.0), ('x0_1,', 0.0), ('x1_0,0', 0.0), ('x1_1,0', 1.0), ('x1_0,1', 1.0), ('x1_1,1', 0.0), ('y0_0-0', -0.0), ('y0_1-0', -0.0), ('y0_0-1', -0.0), ('y0_1-1', 1.0), ('a0', 10.0)]","[[('x_0', 1.0), ('x_1', 0.0)]]"
0,10.0,10.0,10.0,9.999999983450696,10.0,"[[[5.0, 1.0], [1.0, 3.0]]]","[[[4.0, 3.0], [0.0, 7.0]]]",False,False,True,False,False,"[('x0_0,', 1.0), ('x0_1,', 0.0), ('x1_0,0', 1.0), ('x1_1,0', 0.0), ('x1_0,1', 0.49999999999999944), ('x1_1,1', 0.5000000000000006), ('y0_0-0', 1.0), ('y0_1-0', -0.0), ('y0_0-1', -0.0), ('y0_1-1', -0.0), ('a0', 8.000000000000002)]","[[('x_0', 1.0), ('x_1', 0.0)]]"
0,11.0,11.6,11.0,10.999999983490525,11.0,"[[[4.0, 1.0], [1.0, 7.0]]]","[[[2.0, 5.0], [1.0, 0.0]]]",True,True,True,True,False,"[('x0_0,', 0.0), ('x0_1,', 1.0), ('x1_0,0', 0.0), ('x1_1,0', 1.0), ('x1_0,1', 0.4), ('x1_1,1', 0.6), ('y0_0-0', -0.0), ('y0_1-0', -0.0), ('y0_0-1', -0.0), ('y0_1-1', 1.0), ('a0', 2.0)]","[[('x_0', 0.25), ('x_1', 0.75)]]"
0,14.0,14.0,14.0,14.0,14.0,"[[[0.0, 7.0], [3.0, 0.0]]]","[[[4.0, 7.0], [7.0, 7.0]]]",False,False,False,False,False,"[('x0_0,', 1.0), ('x0_1,', 0.0), ('x1_0,0', 1.0), ('x1_1,0', 0.0), ('x1_0,1', 1.0), ('x1_1,1', 0.0), ('y0_0-0', 0.0), ('y0_1-0', 0.0), ('y0_0-1', 0.0), ('y0_1-1', 1.0), ('a0', 14.0)]","[[('x_0', 1.0), ('x_1', 0.0)]]"
0,10.0,10.0,10.0,9.999999983272271,10.0,"[[[0.0, 5.0], [2.0, 4.0]]]","[[[3.0, 4.0], [7.0, 1.0]]]",False,False,True,False,False,"[('x0_0,', 1.0), ('x0_1,', 0.0), ('x1_0,0', 1.0), ('x1_1,0', 0.0), ('x1_0,1', 1.0), ('x1_1,1', 0.0), ('y0_0-0', 0.0), ('y0_1-0', 0.0), ('y0_0-1', 0.0), ('y0_1-1', 1.0), ('a0', 8.0)]","[[('x_0', 1.0), ('x_1', 0.0)]]"
0,12.0,12.0,12.0,12.0,12.0,"[[[1.0, 0.0], [6.0, 0.0]]]","[[[2.0, 4.0], [5.0, 2.0]]]",False,False,False,False,False,"[('x0_0,', 0.0), ('x0_1,', 1.0), ('x1_0,0', 0.0), ('x1_1,0', 1.0), ('x1_0,1', 1.0), ('x1_1,1', 0.0), ('y0_0-0', 1.0), ('y0_1-0', 0.0), ('y0_0-1', 0.0), ('y0_1-1', 0.0), ('a0', 10.0)]","[[('x_0', 0.0), ('x_1', 1.0)]]"
0,3.5,3.6,3.5,3.4999999824672283,3.5,"[[[2.0, 0.0], [1.0, 1.0]]]","[[[2.0, 3.0], [7.0, 4.0]]]",True,True,True,True,False,"[('x0_0,', 1.0), ('x0_1,', 0.0), ('x1_0,0', 0.6), ('x1_1,0', 0.4), ('x1_0,1', 1.0), ('x1_1,1', 0.0), ('y0_0-0', 1.0), ('y0_1-0', 0.0), ('y0_0-1', 0.0), ('y0_1-1', 0.0), ('a0', 6.0)]","[[('x_0', 0.75), ('x_1', 0.25)]]"
0,12.0,12.0,12.0,12.0,12.0,"[[[7.0, 4.0], [7.0, 6.0]]]","[[[4.0, 5.0], [3.0, 4.0]]]",False,False,False,False,False,"[('x0_0,', 0.0), ('x0_1,', 1.0), ('x1_0,0', 1.0), ('x1_1,0', 0.0), ('x1_0,1', 0.0), ('x1_1,1', 1.0), ('y0_0-0', 0.0), ('y0_1-0', 0.0), ('y0_0-1', 0.0), ('y0_1-1', 1.0), ('a0', 8.0)]","[[('x_0', 0.0), ('x_1', 1.0)]]"
0,14.0,14.0,14.0,13.999999983440091,14.0,"[[[5.0, 6.0], [7.0, 7.0]]]","[[[3.0, 1.0], [0.0, 3.0]]]",False,False,True,False,False,"[('x0_0,', 0.0), ('x0_1,', 1.0), ('x1_0,0', 0.0), ('x1_1,0', 1.0), ('x1_0,1', 0.0), ('x1_1,1', 1.0), ('y0_0-0', -0.0), ('y0_1-0', -0.0), ('y0_0-1', -0.0), ('y0_1-1', 1.0), ('a0', 6.0)]","[[('x_0', 0.0), ('x_1', 1.0)]]"
0,6.0,6.0,6.0,6.0,6.0,"[[[0.0, 0.0], [5.0, 3.0]]]","[[[1.0, 6.0], [1.0, 6.0]]]",False,False,False,False,False,"[('x0_0,', 0.0), ('x0_1,', 1.0), ('x1_0,0', 1.0), ('x1_1,0', 0.0), ('x1_0,1', 0.0), ('x1_1,1', 1.0), ('y0_0-0', 0.0), ('y0_1-0', 0.0), ('y0_0-1', 0.0), ('y0_1-1', 1.0), ('a0', 12.0)]","[[('x_0', 0.0), ('x_1', 1.0)]]"
0,14.0,14.0,14.0,14.0,14.0,"[[[7.0, 3.0], [6.0, 6.0]]]","[[[6.0, 1.0], [7.0, 6.0]]]",False,False,False,False,False,"[('x0_0,', 1.0), ('x0_1,', 0.0), ('x1_0,0', 1.0), ('x1_1,0', 0.0), ('x1_0,1', 1.0), ('x1_1,1', 0.0), ('y0_0-0', 1.0), ('y0_1-0', 0.0), ('y0_0-1', 0.0), ('y0_1-1', 0.0), ('a0', 12.0)]","[[('x_0', 1.0), ('x_1', 0.0)]]"
0,14.0,14.0,14.0,14.0,14.0,"[[[4.0, 7.0], [6.0, 1.0]]]","[[[6.0, 6.0], [1.0, 4.0]]]",False,False,False,False,False,"[('x0_0,', 1.0), ('x0_1,', 0.0), ('x1_0,0', 0.0), ('x1_1,0', 1.0), ('x1_0,1', 1.0), ('x1_1,1', 0.0), ('y0_0-0', -0.0), ('y0_1-0', -0.0), ('y0_0-1', -0.0), ('y0_1-1', 1.0), ('a0', 12.0)]","[[('x_0', 1.0), ('x_1', 0.0)]]"
0,14.0,14.0,14.0,14.0,14.0,"[[[7.0, 0.0], [3.0, 6.0]]]","[[[4.0, 0.0], [4.0, 2.0]]]",False,False,False,False,False,"[('x0_0,', 1.0), ('x0_1,', 0.0), ('x1_0,0', 1.0), ('x1_1,0', 0.0), ('x1_0,1', 0.0), ('x1_1,1', 1.0), ('y0_0-0', 1.0), ('y0_1-0', 0.0), ('y0_0-1', 0.0), ('y0_1-1', 0.0), ('a0', 8.0)]","[[('x_0', 1.0), ('x_1', 0.0)]]"
0,8.0,8.0,8.0,8.0,8.0,"[[[3.0, 3.0], [7.0, 4.0]]]","[[[2.0, 3.0], [0.0, 4.0]]]",False,False,False,False,False,"[('x0_0,', 0.0), ('x0_1,', 1.0), ('x1_0,0', 1.0), ('x1_1,0', 0.0), ('x1_0,1', 0.0), ('x1_1,1', 1.0), ('y0_0-0', 0.0), ('y0_1-0', 0.0), ('y0_0-1', 0.0), ('y0_1-1', 1.0), ('a0', 8.0)]","[[('x_0', 0.0), ('x_1', 1.0)]]"
0,12.0,12.8,11.999999999999998,11.999999983492811,11.999999999999998,"[[[0.0, 7.0], [1.0, 4.0]]]","[[[3.0, 2.0], [5.0, 7.0]]]",True,True,True,True,False,"[('x0_0,', 1.0), ('x0_1,', 0.0), ('x1_0,0', 1.0), ('x1_1,0', 0.0), ('x1_0,1', 0.6), ('x1_1,1', 0.4), ('y0_0-0', 0.0), ('y0_1-0', 0.0), ('y0_0-1', 0.0), ('y0_1-1', 1.0), ('a0', 6.0)]","[[('x_0', 0.6666666666666666), ('x_1', 0.3333333333333333)]]"
0,6.0,6.0,6.0,6.0,6.0,"[[[4.0, 3.0], [6.0, 0.0]]]","[[[1.0, 7.0], [0.0, 6.0]]]",False,False,False,False,False,"[('x0_0,', 1.0), ('x0_1,', 0.0), ('x1_0,0', 0.0), ('x1_1,0', 1.0), ('x1_0,1', 1.0), ('x1_1,1', 0.0), ('y0_0-0', 0.0), ('y0_1-0', 0.0), ('y0_0-1', 0.0), ('y0_1-1', 1.0), ('a0', 14.0)]","[[('x_0', 1.0), ('x_1', 0.0)]]"
0,12.0,12.0,12.0,12.0,12.0,"[[[6.0, 3.0], [4.0, 1.0]]]","[[[5.0, 2.0], [5.0, 4.0]]]",False,False,False,False,False,"[('x0_0,', 1.0), ('x0_1,', 0.0), ('x1_0,0', 1.0), ('x1_1,0', 0.0), ('x1_0,1', 0.0), ('x1_1,1', 1.0), ('y0_0-0', 1.0), ('y0_1-0', 0.0), ('y0_0-1', 0.0), ('y0_1-1', 0.0), ('a0', 10.0)]","[[('x_0', 1.0), ('x_1', 0.0)]]"
0,12.0,12.0,12.0,11.99999998347259,12.0,"[[[3.0, 1.0], [6.0, 2.0]]]","[[[0.0, 2.0], [5.0, 3.0]]]",False,False,True,False,False,"[('x0_0,', 0.0), ('x0_1,', 1.0), ('x1_0,0', 0.0), ('x1_1,0', 1.0), ('x1_0,1', 1.0), ('x1_1,1', 0.0), ('y0_0-0', 1.0), ('y0_1-0', -0.0), ('y0_0-1', -0.0), ('y0_1-1', -0.0), ('a0', 10.0)]","[[('x_0', 0.0), ('x_1', 1.0)]]"
0,10.0,10.0,10.0,10.0,10.0,"[[[5.0, 5.0], [4.0, 2.0]]]","[[[2.0, 7.0], [4.0, 6.0]]]",False,False,False,False,False,"[('x0_0,', 1.0), ('x0_1,', 0.0), ('x1_0,0', 0.0), ('x1_1,0', 1.0), ('x1_0,1', 1.0), ('x1_1,1', 0.0), ('y0_0-0', 0.0), ('y0_1-0', 0.0), ('y0_0-1', 0.0), ('y0_1-1', 1.0), ('a0', 14.0)]","[[('x_0', 1.0), ('x_1', 0.0)]]"
0,12.0,12.0,12.0,11.999999986796936,12.0,"[[[2.0, 4.0], [6.0, 3.0]]]","[[[0.0, 0.0], [2.0, 2.0]]]",False,False,True,False,False,"[('x0_0,', 0.0), ('x0_1,', 1.0), ('x1_0,0', 0.0), ('x1_1,0', 1.0), ('x1_0,1', 1.0), ('x1_1,1', 0.0), ('y0_0-0', 1.0), ('y0_1-0', -0.0), ('y0_0-1', -0.0), ('y0_1-1', -0.0), ('a0', 4.0)]","[[('x_0', 0.0), ('x_1', 1.0)]]"
0,4.0,8.0,4.0,4.0,4.0,"[[[7.0, 1.0], [2.0, 1.0]]]","[[[1.0, 3.0], [0.0, 0.0]]]",True,True,True,True,False,"[('x0_0,', 1.0), ('x0_1,', 0.0), ('x1_0,0', 1.0), ('x1_1,0', 0.0), ('x1_0,1', 0.0), ('x1_1,1', 1.0), ('y0_0-0', -0.0), ('y0_1-0', 1.0), ('y0_0-1', -0.0), ('y0_1-1', -0.0), ('a0', 4.0)]","[[('x_0', 0.0), ('x_1', 1.0)]]"
0,10.0,10.0,10.0,10.0,10.0,"[[[2.0, 1.0], [5.0, 0.0]]]","[[[3.0, 7.0], [3.0, 2.0]]]",False,False,False,False,False,"[('x0_0,', 0.0), ('x0_1,', 1.0), ('x1_0,0', 0.0), ('x1_1,0', 1.0), ('x1_0,1', 0.0), ('x1_1,1', 1.0), ('y0_0-0', 1.0), ('y0_1-0', 0.0), ('y0_0-1', 0.0), ('y0_1-1', 0.0), ('a0', 6.0)]","[[('x_0', 0.0), ('x_1', 1.0)]]"
0,14.0,14.0,14.0,14.0,14.0,"[[[2.0, 7.0], [2.0, 6.0]]]","[[[1.0, 3.0], [5.0, 5.0]]]",False,False,False,False,False,"[('x0_0,', 1.0), ('x0_1,', 0.0), ('x1_0,0', 1.0), ('x1_1,0', 0.0), ('x1_0,1', 1.0), ('x1_1,1', 0.0), ('y0_0-0', -0.0), ('y0_1-0', -0.0), ('y0_0-1', -0.0), ('y0_1-1', 1.0), ('a0', 6.0)]","[[('x_0', 1.0), ('x_1', 0.0)]]"
0,12.0,13.0,12.0,12.0,12.0,"[[[7.0, 2.0], [6.0, 6.0]]]","[[[2.0, 3.0], [4.0, 5.0]]]",True,True,True,True,False,"[('x0_0,', 1.0), ('x0_1,', 0.0), ('x1_0,0', 0.0), ('x1_1,0', 1.0), ('x1_0,1', 1.0), ('x1_1,1', 0.0), ('y0_0-0', 0.0), ('y0_1-0', 1.0), ('y0_0-1', 0.0), ('y0_1-1', 0.0), ('a0', 7.0)]","[[('x_0', 0.0), ('x_1', 1.0)]]"
0,6.0,6.0,6.0,6.0,6.0,"[[[1.0, 3.0], [1.0, 1.0]]]","[[[4.0, 5.0], [2.0, 1.0]]]",False,False,False,False,False,"[('x0_0,', 1.0), ('x0_1,', 0.0), ('x1_0,0', 0.0), ('x1_1,0', 1.0), ('x1_0,1', 1.0), ('x1_1,1', 0.0), ('y0_0-0', -0.0), ('y0_1-0', -0.0), ('y0_0-1', -0.0), ('y0_1-1', 1.0), ('a0', 10.0)]","[[('x_0', 1.0), ('x_1', 0.0)]]"
0,14.0,14.0,14.0,14.0,14.0,"[[[7.0, 7.0], [0.0, 7.0]]]","[[[0.0, 5.0], [5.0, 3.0]]]",False,False,False,False,False,"[('x0_0,', 0.2857142857142857), ('x0_1,', 0.7142857142857143), ('x1_0,0', 0.0), ('x1_1,0', 1.0), ('x1_0,1', 1.0), ('x1_1,1', 0.0), ('y0_0-0', 0.0), ('y0_1-0', 0.0), ('y0_0-1', 0.0), ('y0_1-1', 1.0), ('a0', 8.571428571428571)]","[[('x_0', 1.0), ('x_1', 0.0)]]"
0,14.0,14.0,14.0,13.999999056778284,14.0,"[[[0.0, 7.0], [1.0, 7.0]]]","[[[7.0, 7.0], [6.0, 4.0]]]",False,False,True,False,False,"[('x0_0,', 1.0), ('x0_1,', 0.0), ('x1_0,0', 0.0), ('x1_1,0', 1.0), ('x1_0,1', 1.0), ('x1_1,1', 0.0), ('y0_0-0', 0.0), ('y0_1-0', 0.0), ('y0_0-1', 0.0), ('y0_1-1', 1.0), ('a0', 14.0)]","[[('x_0', 1.0), ('x_1', 0.0)]]"
0,9.0,10.5,9.0,9.0,9.0,"[[[1.0, 5.0], [6.0, 4.0]]]","[[[2.0, 1.0], [5.0, 6.0]]]",True,True,True,True,False,"[('x0_0,', 0.0), ('x0_1,', 1.0), ('x1_0,0', 0.4999999999999999), ('x1_1,0', 0.5000000000000001), ('x1_0,1', 1.0), ('x1_1,1', 0.0), ('y0_0-0', -0.0), ('y0_1-0', 1.0), ('y0_0-1', 0.0), ('y0_1-1', -0.0), ('a0', 8.5)]","[[('x_0', 0.5), ('x_1', 0.5)]]"
0,14.0,14.0,14.0,14.0,14.0,"[[[7.0, 5.0], [7.0, 6.0]]]","[[[1.0, 1.0], [6.0, 1.0]]]",False,False,False,False,False,"[('x0_0,', 1.0), ('x0_1,', 0.0), ('x1_0,0', 0.0), ('x1_1,0', 1.0), ('x1_0,1', 1.0), ('x1_1,1', 0.0), ('y0_0-0', 1.0), ('y0_1-0', -0.0), ('y0_0-1', -0.0), ('y0_1-1', -0.0), ('a0', 7.0)]","[[('x_0', 0.0), ('x_1', 1.0)]]"
0,8.0,8.0,8.0,8.0,8.0,"[[[4.0, 2.0], [2.0, 0.0]]]","[[[7.0, 6.0], [4.0, 4.0]]]",False,False,False,False,False,"[('x0_0,', 1.0), ('x0_1,', 0.0), ('x1_0,0', 1.0), ('x1_1,0', 0.0), ('x1_0,1', 0.0), ('x1_1,1', 1.0), ('y0_0-0', 1.0), ('y0_1-0', 0.0), ('y0_0-1', 0.0), ('y0_1-1', 0.0), ('a0', 14.0)]","[[('x_0', 1.0), ('x_1', 0.0)]]"
0,14.0,14.0,14.0,13.999999983474007,14.0,"[[[7.0, 4.0], [5.0, 6.0]]]","[[[5.0, 1.0], [4.0, 7.0]]]",False,False,True,False,False,"[('x0_0,', 1.0), ('x0_1,', 0.0), ('x1_0,0', 1.0), ('x1_1,0', 0.0), ('x1_0,1', 0.0), ('x1_1,1', 1.0), ('y0_0-0', 1.0), ('y0_1-0', -0.0), ('y0_0-1', -0.0), ('y0_1-1', -0.0), ('a0', 10.0)]","[[('x_0', 1.0), ('x_1', 0.0)]]"
0,10.0,10.0,10.0,10.000000000000002,10.0,"[[[2.0, 5.0], [4.0, 5.0]]]","[[[1.0, 7.0], [7.0, 6.0]]]",False,False,False,False,False,"[('x0_0,', 0.26530612244897966), ('x0_1,', 0.7346938775510203), ('x1_0,0', 0.0), ('x1_1,0', 1.0), ('x1_0,1', 0.14285714285714293), ('x1_1,1', 0.8571428571428571), ('y0_0-0', -0.0), ('y0_1-0', -0.0), ('y0_0-1', -0.0), ('y0_1-1', 1.0), ('a0', 12.408163265306122)]","[[('x_0', 1.0), ('x_1', 0.0)]]"
0,14.0,14.0,14.0,14.0,14.0,"[[[4.0, 4.0], [7.0, 2.0]]]","[[[7.0, 2.0], [6.0, 4.0]]]",False,False,False,False,False,"[('x0_0,', 0.0), ('x0_1,', 1.0), ('x1_0,0', 0.0), ('x1_1,0', 1.0), ('x1_0,1', 0.0), ('x1_1,1', 1.0), ('y0_0-0', 1.0), ('y0_1-0', 0.0), ('y0_0-1', 0.0), ('y0_1-1', 0.0), ('a0', 12.0)]","[[('x_0', 0.0), ('x_1', 1.0)]]"
0,2.3333333333333335,2.5,2.3333333333333335,2.3333333166600587,2.3333333333333335,"[[[0.0, 2.0], [1.0, 1.0]]]","[[[5.0, 0.0], [6.0, 7.0]]]",True,True,True,True,False,"[('x0_0,', 0.5), ('x0_1,', 0.5), ('x1_0,0', 1.0), ('x1_1,0', 0.0), ('x1_0,1', 0.0), ('x1_1,1', 1.0), ('y0_0-0', 0.0), ('y0_1-0', 0.0), ('y0_0-1', 0.0), ('y0_1-1', 1.0), ('a0', 10.5)]","[[('x_0', 0.16666666666666666), ('x_1', 0.8333333333333334)]]"
0,8.857142857142858,8.85714285714286,8.857142857142858,8.857142857142858,8.857142857142858,"[[[2.0, 4.0], [0.0, 7.0]]]","[[[4.0, 5.0], [6.0, 0.0]]]",True,True,True,True,False,"[('x0_0,', 0.8571428571428567), ('x0_1,', 0.14285714285714338), ('x1_0,0', 0.8571428571428565), ('x1_1,0', 0.14285714285714346), ('x1_0,1', 0.8571428571428573), ('x1_1,1', 0.1428571428571427), ('y0_0-0', 0.0), ('y0_1-0', 0.0), ('y0_0-1', 0.0), ('y0_1-1', 1.0), ('a0', 8.57142857142857)]","[[('x_0', 0.8571428571428571), ('x_1', 0.1428571428571429)]]"
0,8.0,8.0,8.0,7.999999009642449,8.0,"[[[2.0, 4.0], [1.0, 4.0]]]","[[[6.0, 5.0], [6.0, 6.0]]]",False,False,True,False,False,"[('x0_0,', 0.0), ('x0_1,', 1.0), ('x1_0,0', 1.0), ('x1_1,0', 0.0), ('x1_0,1', 0.0), ('x1_1,1', 1.0), ('y0_0-0', -0.0), ('y0_1-0', -0.0), ('y0_0-1', -0.0), ('y0_1-1', 1.0), ('a0', 12.0)]","[[('x_0', 0.0), ('x_1', 1.0)]]"
0,14.0,14.0,14.0,13.99999998348386,14.0,"[[[7.0, 6.0], [1.0, 4.0]]]","[[[7.0, 2.0], [0.0, 4.0]]]",False,False,True,False,False,"[('x0_0,', 1.0), ('x0_1,', 0.0), ('x1_0,0', 1.0), ('x1_1,0', 0.0), ('x1_0,1', 0.0), ('x1_1,1', 1.0), ('y0_0-0', 1.0), ('y0_1-0', -0.0), ('y0_0-1', -0.0), ('y0_1-1', -0.0), ('a0', 14.0)]","[[('x_0', 1.0), ('x_1', 0.0)]]"
0,8.0,8.0,8.0,8.0,8.0,"[[[4.0, 3.0], [0.0, 5.0]]]","[[[3.0, 2.0], [4.0, 0.0]]]",False,False,False,False,False,"[('x0_0,', 1.0), ('x0_1,', 0.0), ('x1_0,0', 1.0), ('x1_1,0', 0.0), ('x1_0,1', 0.0), ('x1_1,1', 1.0), ('y0_0-0', 1.0), ('y0_1-0', 0.0), ('y0_0-1', 0.0), ('y0_1-1', 0.0), ('a0', 6.0)]","[[('x_0', 1.0), ('x_1', 0.0)]]"
0,14.0,14.0,14.0,14.0,14.0,"[[[5.0, 6.0], [7.0, 2.0]]]","[[[2.0, 6.0], [3.0, 3.0]]]",False,False,False,False,False,"[('x0_0,', 0.0), ('x0_1,', 1.0), ('x1_0,0', 0.0), ('x1_1,0', 1.0), ('x1_0,1', 0.0), ('x1_1,1', 1.0), ('y0_0-0', 1.0), ('y0_1-0', -0.0), ('y0_0-1', -0.0), ('y0_1-1', -0.0), ('a0', 6.0)]","[[('x_0', 0.0), ('x_1', 1.0)]]"
0,14.0,14.0,14.0,14.0,14.0,"[[[3.0, 3.0], [7.0, 0.0]]]","[[[3.0, 6.0], [2.0, 0.0]]]",False,False,False,False,False,"[('x0_0,', 0.0), ('x0_1,', 1.0), ('x1_0,0', 0.0), ('x1_1,0', 1.0), ('x1_0,1', 0.0), ('x1_1,1', 1.0), ('y0_0-0', 1.0), ('y0_1-0', 0.0), ('y0_0-1', 0.0), ('y0_1-1', 0.0), ('a0', 4.0)]","[[('x_0', 0.0), ('x_1', 1.0)]]"
0,14.0,14.0,14.0,13.99947508679902,14.0,"[[[7.0, 6.0], [0.0, 5.0]]]","[[[7.0, 6.0], [4.0, 4.0]]]",False,False,True,False,False,"[('x0_0,', 1.0), ('x0_1,', 0.0), ('x1_0,0', 1.0), ('x1_1,0', 0.0), ('x1_0,1', 0.0), ('x1_1,1', 1.0), ('y0_0-0', 1.0), ('y0_1-0', 0.0), ('y0_0-1', 0.0), ('y0_1-1', 0.0), ('a0', 14.0)]","[[('x_0', 1.0), ('x_1', 0.0)]]"
0,14.0,14.0,14.0,14.0,14.0,"[[[7.0, 3.0], [2.0, 4.0]]]","[[[5.0, 2.0], [5.0, 3.0]]]",False,False,False,False,False,"[('x0_0,', 1.0), ('x0_1,', 0.0), ('x1_0,0', 1.0), ('x1_1,0', 0.0), ('x1_0,1', 0.0), ('x1_1,1', 1.0), ('y0_0-0', 1.0), ('y0_1-0', 0.0), ('y0_0-1', 0.0), ('y0_1-1', 0.0), ('a0', 10.0)]","[[('x_0', 1.0), ('x_1', 0.0)]]"
0,12.0,12.0,12.0,12.0,12.0,"[[[6.0, 2.0], [0.0, 0.0]]]","[[[6.0, 0.0], [2.0, 1.0]]]",False,False,False,False,False,"[('x0_0,', 1.0), ('x0_1,', 0.0), ('x1_0,0', 1.0), ('x1_1,0', 0.0), ('x1_0,1', 0.25), ('x1_1,1', 0.75), ('y0_0-0', 1.0), ('y0_1-0', 0.0), ('y0_0-1', 0.0), ('y0_1-1', 0.0), ('a0', 12.0)]","[[('x_0', 1.0), ('x_1', 0.0)]]"
0,10.0,10.0,10.0,10.0,10.0,"[[[2.0, 1.0], [5.0, 4.0]]]","[[[4.0, 3.0], [4.0, 1.0]]]",False,False,False,False,False,"[('x0_0,', 0.0), ('x0_1,', 1.0), ('x1_0,0', 0.0), ('x1_1,0', 1.0), ('x1_0,1', 0.0), ('x1_1,1', 1.0), ('y0_0-0', 1.0), ('y0_1-0', 0.0), ('y0_0-1', 0.0), ('y0_1-1', 0.0), ('a0', 8.0)]","[[('x_0', 0.0), ('x_1', 1.0)]]"
0,14.0,14.0,14.0,14.0,14.0,"[[[1.0, 5.0], [7.0, 7.0]]]","[[[0.0, 2.0], [3.0, 3.0]]]",False,False,False,False,False,"[('x0_0,', 0.0), ('x0_1,', 1.0), ('x1_0,0', 1.0), ('x1_1,0', 0.0), ('x1_0,1', 0.0), ('x1_1,1', 1.0), ('y0_0-0', -0.0), ('y0_1-0', -0.0), ('y0_0-1', -0.0), ('y0_1-1', 1.0), ('a0', 6.0)]","[[('x_0', 0.0), ('x_1', 1.0)]]"
0,6.0,6.666666666666667,6.0,6.0,6.0,"[[[3.0, 1.0], [2.0, 4.0]]]","[[[4.0, 4.0], [7.0, 6.0]]]",True,True,True,True,False,"[('x0_0,', 0.0), ('x0_1,', 1.0), ('x1_0,0', 1.0), ('x1_1,0', 0.0), ('x1_0,1', 0.6666666666666667), ('x1_1,1', 0.3333333333333333), ('y0_0-0', -0.0), ('y0_1-0', 0.0), ('y0_0-1', 1.0), ('y0_1-1', -0.0), ('a0', 11.0)]","[[('x_0', 1.0), ('x_1', 0.0)]]"
0,8.0,8.0,8.0,8.0,8.0,"[[[2.0, 0.0], [4.0, 4.0]]]","[[[4.0, 6.0], [0.0, 4.0]]]",False,False,False,False,False,"[('x0_0,', 0.0), ('x0_1,', 1.0), ('x1_0,0', 1.0), ('x1_1,0', 0.0), ('x1_0,1', 0.0), ('x1_1,1', 1.0), ('y0_0-0', 0.0), ('y0_1-0', 0.0), ('y0_0-1', 0.0), ('y0_1-1', 1.0), ('a0', 8.0)]","[[('x_0', 0.0), ('x_1', 1.0)]]"
0,2.0,2.0,2.0,2.0,2.0,"[[[7.0, 1.0], [0.0, 1.0]]]","[[[2.0, 7.0], [4.0, 7.0]]]",False,False,False,False,False,"[('x0_0,', 0.0), ('x0_1,', 1.0), ('x1_0,0', 0.0), ('x1_1,0', 1.0), ('x1_0,1', 0.0), ('x1_1,1', 1.0), ('y0_0-0', 0.0), ('y0_1-0', 0.0), ('y0_0-1', 0.0), ('y0_1-1', 1.0), ('a0', 14.0)]","[[('x_0', 1.0), ('x_1', 0.0)]]"
0,10.0,10.0,10.0,9.99999999001785,10.0,"[[[5.0, 5.0], [5.0, 3.0]]]","[[[2.0, 1.0], [0.0, 3.0]]]",False,False,True,False,False,"[('x0_0,', 0.75), ('x0_1,', 0.25), ('x1_0,0', 0.75), ('x1_1,0', 0.25), ('x1_0,1', 0.75), ('x1_1,1', 0.25), ('y0_0-0', 1.0), ('y0_1-0', -0.0), ('y0_0-1', -0.0), ('y0_1-1', -0.0), ('a0', 3.0)]","[[('x_0', 1.0), ('x_1', 0.0)]]"
0,12.0,12.0,12.0,11.999999669699159,12.0,"[[[6.0, 4.0], [0.0, 2.0]]]","[[[7.0, 1.0], [5.0, 5.0]]]",False,False,True,False,False,"[('x0_0,', 1.0), ('x0_1,', 0.0), ('x1_0,0', 1.0), ('x1_1,0', 0.0), ('x1_0,1', 0.0), ('x1_1,1', 1.0), ('y0_0-0', 1.0), ('y0_1-0', 0.0), ('y0_0-1', 0.0), ('y0_1-1', 0.0), ('a0', 14.0)]","[[('x_0', 1.0), ('x_1', 0.0)]]"
0,8.444444444444445,8.444444444444445,8.444444444444445,8.44444442784009,8.444444444444445,"[[[0.0, 5.0], [0.0, 4.0]]]","[[[7.0, 0.0], [0.0, 2.0]]]",False,False,True,False,False,"[('x0_0,', 0.22222222222222218), ('x0_1,', 0.7777777777777778), ('x1_0,0', 0.22222222222222227), ('x1_1,0', 0.7777777777777777), ('x1_0,1', 0.2222222222222222), ('x1_1,1', 0.7777777777777778), ('y0_0-0', 0.0), ('y0_1-0', 0.0), ('y0_0-1', 0.0), ('y0_1-1', 1.0), ('a0', 3.111111111111111)]","[[('x_0', 0.2222222222222222), ('x_1', 0.7777777777777778)]]"
0,14.0,14.0,14.0,14.0,14.0,"[[[7.0, 0.0], [1.0, 6.0]]]","[[[3.0, 1.0], [1.0, 3.0]]]",False,False,False,False,False,"[('x0_0,', 1.0), ('x0_1,', 0.0), ('x1_0,0', 1.0), ('x1_1,0', 0.0), ('x1_0,1', 1.0), ('x1_1,1', 0.0), ('y0_0-0', 1.0), ('y0_1-0', 0.0), ('y0_0-1', 0.0), ('y0_1-1', 0.0), ('a0', 6.0)]","[[('x_0', 1.0), ('x_1', 0.0)]]"
0,6.0,8.5,6.0,6.0,6.0,"[[[3.0, 3.0], [7.0, 0.0]]]","[[[0.0, 3.0], [4.0, 5.0]]]",True,True,True,True,False,"[('x0_0,', 0.0), ('x0_1,', 1.0), ('x1_0,0', 0.5), ('x1_1,0', 0.5), ('x1_0,1', 1.0), ('x1_1,1', 0.0), ('y0_0-0', 0.0), ('y0_1-0', 1.0), ('y0_0-1', 0.0), ('y0_1-1', 0.0), ('a0', 8.0)]","[[('x_0', 1.0), ('x_1', 0.0)]]"
0,14.0,14.0,14.0,14.0,14.0,"[[[0.0, 3.0], [7.0, 2.0]]]","[[[0.0, 7.0], [4.0, 4.0]]]",False,False,False,False,False,"[('x0_0,', 0.0), ('x0_1,', 1.0), ('x1_0,0', 0.0), ('x1_1,0', 1.0), ('x1_0,1', 0.0), ('x1_1,1', 1.0), ('y0_0-0', 1.0), ('y0_1-0', 0.0), ('y0_0-1', 0.0), ('y0_1-1', 0.0), ('a0', 8.0)]","[[('x_0', 0.0), ('x_1', 1.0)]]"
0,12.0,12.0,12.0,12.0,12.0,"[[[6.0, 3.0], [1.0, 7.0]]]","[[[7.0, 1.0], [6.0, 4.0]]]",False,False,False,False,False,"[('x0_0,', 1.0), ('x0_1,', 0.0), ('x1_0,0', 1.0), ('x1_1,0', 0.0), ('x1_0,1', 0.0), ('x1_1,1', 1.0), ('y0_0-0', 1.0), ('y0_1-0', 0.0), ('y0_0-1', 0.0), ('y0_1-1', 0.0), ('a0', 14.0)]","[[('x_0', 1.0), ('x_1', 0.0)]]"
0,10.0,10.0,10.0,9.999999983414185,10.0,"[[[1.0, 5.0], [1.0, 4.0]]]","[[[1.0, 2.0], [7.0, 6.0]]]",False,False,True,False,False,"[('x0_0,', 1.0), ('x0_1,', 0.0), ('x1_0,0', 1.0), ('x1_1,0', 0.0), ('x1_0,1', 1.0), ('x1_1,1', 0.0), ('y0_0-0', -0.0), ('y0_1-0', -0.0), ('y0_0-1', -0.0), ('y0_1-1', 1.0), ('a0', 4.0)]","[[('x_0', 1.0), ('x_1', 0.0)]]"
0,10.0,10.0,10.0,10.0,10.0,"[[[5.0, 0.0], [5.0, 5.0]]]","[[[1.0, 4.0], [6.0, 6.0]]]",False,False,False,False,False,"[('x0_0,', 0.0), ('x0_1,', 1.0), ('x1_0,0', 1.0), ('x1_1,0', 0.0), ('x1_0,1', 0.0), ('x1_1,1', 1.0), ('y0_0-0', 0.0), ('y0_1-0', 0.0), ('y0_0-1', 0.0), ('y0_1-1', 1.0), ('a0', 12.0)]","[[('x_0', 0.0), ('x_1', 1.0)]]"
0,14.0,14.0,14.0,14.0,14.0,"[[[3.0, 2.0], [7.0, 6.0]]]","[[[5.0, 5.0], [7.0, 5.0]]]",False,False,False,False,False,"[('x0_0,', 0.0), ('x0_1,', 1.0), ('x1_0,0', 0.0), ('x1_1,0', 1.0), ('x1_0,1', 1.0), ('x1_1,1', 0.0), ('y0_0-0', 1.0), ('y0_1-0', -0.0), ('y0_0-1', -0.0), ('y0_1-1', -0.0), ('a0', 14.0)]","[[('x_0', 0.0), ('x_1', 1.0)]]"
0,14.0,14.0,14.0,14.0,14.0,"[[[7.0, 0.0], [2.0, 0.0]]]","[[[7.0, 6.0], [2.0, 5.0]]]",False,False,False,False,False,"[('x0_0,', 1.0), ('x0_1,', 0.0), ('x1_0,0', 1.0), ('x1_1,0', 0.0), ('x1_0,1', 0.0), ('x1_1,1', 1.0), ('y0_0-0', 1.0), ('y0_1-0', 0.0), ('y0_0-1', 0.0), ('y0_1-1', 0.0), ('a0', 14.0)]","[[('x_0', 1.0), ('x_1', 0.0)]]"
0,10.0,10.0,10.0,10.0,10.0,"[[[5.0, 1.0], [4.0, 5.0]]]","[[[6.0, 7.0], [4.0, 7.0]]]",False,False,False,False,False,"[('x0_0,', 0.0), ('x0_1,', 1.0), ('x1_0,0', 0.0), ('x1_1,0', 1.0), ('x1_0,1', 0.0), ('x1_1,1', 1.0), ('y0_0-0', 0.0), ('y0_1-0', 0.0), ('y0_0-1', 0.0), ('y0_1-1', 1.0), ('a0', 14.0)]","[[('x_0', 0.0), ('x_1', 1.0)]]"
0,12.0,12.0,12.0,12.0,12.0,"[[[0.0, 6.0], [6.0, 5.0]]]","[[[1.0, 2.0], [0.0, 1.0]]]",False,False,False,False,False,"[('x0_0,', 0.0), ('x0_1,', 1.0), ('x1_0,0', 1.0), ('x1_1,0', 0.0), ('x1_0,1', 0.0), ('x1_1,1', 1.0), ('y0_0-0', 0.0), ('y0_1-0', 1.0), ('y0_0-1', 0.0), ('y0_1-1', 0.0), ('a0', 2.0)]","[[('x_0', 1.0), ('x_1', 0.0)]]"
0,10.0,10.0,10.0,10.0,10.0,"[[[2.0, 1.0], [5.0, 7.0]]]","[[[6.0, 1.0], [6.0, 1.0]]]",False,False,False,False,False,"[('x0_0,', 0.0), ('x0_1,', 1.0), ('x1_0,0', 0.0), ('x1_1,0', 1.0), ('x1_0,1', 0.0), ('x1_1,1', 1.0), ('y0_0-0', 1.0), ('y0_1-0', 0.0), ('y0_0-1', 0.0), ('y0_1-1', 0.0), ('a0', 12.0)]","[[('x_0', 0.0), ('x_1', 1.0)]]"
0,10.0,10.0,10.0,10.0,10.0,"[[[5.0, 1.0], [0.0, 4.0]]]","[[[6.0, 5.0], [2.0, 0.0]]]",False,False,False,False,False,"[('x0_0,', 1.0), ('x0_1,', 0.0), ('x1_0,0', 1.0), ('x1_1,0', 0.0), ('x1_0,1', 0.0), ('x1_1,1', 1.0), ('y0_0-0', 1.0), ('y0_1-0', 0.0), ('y0_0-1', 0.0), ('y0_1-1', 0.0), ('a0', 12.0)]","[[('x_0', 1.0), ('x_1', 0.0)]]"
0,4.0,7.0,4.0,4.0,4.0,"[[[2.0, 2.0], [5.0, 2.0]]]","[[[4.0, 6.0], [0.0, 2.0]]]",True,True,True,True,False,"[('x0_0,', 0.0), ('x0_1,', 1.0), ('x1_0,0', 0.5), ('x1_1,0', 0.5), ('x1_0,1', 0.0), ('x1_1,1', 1.0), ('y0_0-0', 0.0), ('y0_1-0', 1.0), ('y0_0-1', 0.0), ('y0_1-1', 0.0), ('a0', 4.0)]","[[('x_0', 1.0), ('x_1', 0.0)]]"
0,12.0,12.0,12.0,12.0,12.0,"[[[1.0, 6.0], [2.0, 6.0]]]","[[[0.0, 5.0], [5.0, 7.0]]]",False,False,False,False,False,"[('x0_0,', 0.0), ('x0_1,', 1.0), ('x1_0,0', 0.0), ('x1_1,0', 1.0), ('x1_0,1', 1.0), ('x1_1,1', 0.0), ('y0_0-0', 0.0), ('y0_1-0', 0.0), ('y0_0-1', 0.0), ('y0_1-1', 1.0), ('a0', 12.0)]","[[('x_0', 1.0), ('x_1', 0.0)]]"
0,10.0,10.0,10.0,9.99999899679907,10.0,"[[[2.0, 5.0], [3.0, 7.0]]]","[[[4.0, 4.0], [7.0, 0.0]]]",False,False,True,False,False,"[('x0_0,', 1.0), ('x0_1,', 0.0), ('x1_0,0', 1.0), ('x1_1,0', 0.0), ('x1_0,1', 1.0), ('x1_1,1', 0.0), ('y0_0-0', -0.0), ('y0_1-0', -0.0), ('y0_0-1', -0.0), ('y0_1-1', 1.0), ('a0', 8.0)]","[[('x_0', 1.0), ('x_1', 0.0)]]"
0,10.0,11.0,10.0,10.0,10.0,"[[[6.0, 5.0], [4.0, 2.0]]]","[[[2.0, 7.0], [0.0, 2.0]]]",True,True,True,True,False,"[('x0_0,', 1.0), ('x0_1,', 0.0), ('x1_0,0', 1.0), ('x1_1,0', 0.0), ('x1_0,1', 0.0), ('x1_1,1', 1.0), ('y0_0-0', 0.0), ('y0_1-0', 1.0), ('y0_0-1', 0.0), ('y0_1-1', 0.0), ('a0', 9.0)]","[[('x_0', 1.0), ('x_1', 0.0)]]"
0,8.0,8.0,8.0,8.0,8.0,"[[[6.0, 0.0], [5.0, 4.0]]]","[[[2.0, 7.0], [4.0, 6.0]]]",False,False,False,False,False,"[('x0_0,', 0.0), ('x0_1,', 1.0), ('x1_0,0', 0.0), ('x1_1,0', 1.0), ('x1_0,1', 0.0), ('x1_1,1', 1.0), ('y0_0-0', 0.0), ('y0_1-0', 0.0), ('y0_0-1', 0.0), ('y0_1-1', 1.0), ('a0', 12.0)]","[[('x_0', 0.0), ('x_1', 1.0)]]"
0,8.0,8.0,8.0,7.999999992698987,8.0,"[[[2.0, 3.0], [0.0, 4.0]]]","[[[3.0, 3.0], [6.0, 7.0]]]",False,False,True,False,False,"[('x0_0,', 0.0), ('x0_1,', 1.0), ('x1_0,0', 1.0), ('x1_1,0', 0.0), ('x1_0,1', 0.0), ('x1_1,1', 1.0), ('y0_0-0', 0.0), ('y0_1-0', 0.0), ('y0_0-1', 0.0), ('y0_1-1', 1.0), ('a0', 14.0)]","[[('x_0', 0.0), ('x_1', 1.0)]]"
0,4.0,4.0,4.0,4.0,4.0,"[[[0.0, 2.0], [6.0, 0.0]]]","[[[0.0, 4.0], [1.0, 7.0]]]",False,False,False,False,False,"[('x0_0,', 1.0), ('x0_1,', 0.0), ('x1_0,0', 0.0), ('x1_1,0', 1.0), ('x1_0,1', 1.0), ('x1_1,1', 0.0), ('y0_0-0', 0.0), ('y0_1-0', 0.0), ('y0_0-1', 0.0), ('y0_1-1', 1.0), ('a0', 8.0)]","[[('x_0', 1.0), ('x_1', 0.0)]]"
0,10.0,10.0,10.0,10.0,10.0,"[[[3.0, 0.0], [1.0, 5.0]]]","[[[4.0, 5.0], [5.0, 5.0]]]",False,False,False,False,False,"[('x0_0,', 0.0), ('x0_1,', 1.0), ('x1_0,0', 1.0), ('x1_1,0', 0.0), ('x1_0,1', 0.0), ('x1_1,1', 1.0), ('y0_0-0', 0.0), ('y0_1-0', 0.0), ('y0_0-1', 0.0), ('y0_1-1', 1.0), ('a0', 10.0)]","[[('x_0', 0.0), ('x_1', 1.0)]]"
0,12.0,12.0,12.0,11.999999986677391,12.0,"[[[6.0, 2.0], [2.0, 6.0]]]","[[[1.0, 0.0], [1.0, 5.0]]]",False,False,True,False,False,"[('x0_0,', 0.0), ('x0_1,', 1.0), ('x1_0,0', 1.0), ('x1_1,0', 0.0), ('x1_0,1', 0.0), ('x1_1,1', 1.0), ('y0_0-0', -0.0), ('y0_1-0', -0.0), ('y0_0-1', -0.0), ('y0_1-1', 1.0), ('a0', 10.0)]","[[('x_0', 1.0), ('x_1', 0.0)]]"
0,6.666666666666666,6.666666666666666,6.666666666666667,6.666666666666667,6.666666666666667,"[[[4.0, 2.0], [0.0, 4.0]]]","[[[4.0, 6.0], [6.0, 5.0]]]",False,False,False,False,False,"[('x0_0,', 0.33333333333333337), ('x0_1,', 0.6666666666666666), ('x1_0,0', 0.3333333333333336), ('x1_1,0', 0.6666666666666664), ('x1_0,1', 0.3333333333333337), ('x1_1,1', 0.6666666666666663), ('y0_0-0', 0.0), ('y0_1-0', 0.0), ('y0_0-1', 0.0), ('y0_1-1', 1.0), ('a0', 10.666666666666666)]","[[('x_0', 0.3333333333333333), ('x_1', 0.6666666666666667)]]"
0,8.0,8.0,8.0,8.0,8.0,"[[[7.0, 0.0], [4.0, 3.0]]]","[[[2.0, 5.0], [3.0, 3.0]]]",False,False,False,False,False,"[('x0_0,', 0.0), ('x0_1,', 1.0), ('x1_0,0', 0.0), ('x1_1,0', 1.0), ('x1_0,1', 0.0), ('x1_1,1', 1.0), ('y0_0-0', 1.0), ('y0_1-0', 0.0), ('y0_0-1', 0.0), ('y0_1-1', 0.0), ('a0', 6.0)]","[[('x_0', 0.0), ('x_1', 1.0)]]"
0,6.0,6.0,6.0,5.999999999999998,6.0,"[[[1.0, 2.0], [3.0, 2.0]]]","[[[7.0, 2.0], [7.0, 7.0]]]",False,False,True,False,False,"[('x0_0,', 0.0), ('x0_1,', 1.0), ('x1_0,0', 0.0), ('x1_1,0', 1.0), ('x1_0,1', 1.0), ('x1_1,1', 0.0), ('y0_0-0', 1.0), ('y0_1-0', -0.0), ('y0_0-1', -0.0), ('y0_1-1', -0.0), ('a0', 14.0)]","[[('x_0', 0.0), ('x_1', 1.0)]]"
0,12.000000000000002,12.0,12.0,11.999999990086096,12.0,"[[[6.0, 4.0], [6.0, 1.0]]]","[[[7.0, 3.0], [2.0, 5.0]]]",False,False,True,False,False,"[('x0_0,', 1.0), ('x0_1,', 0.0), ('x1_0,0', 0.42857142857142855), ('x1_1,0', 0.5714285714285714), ('x1_0,1', 0.0), ('x1_1,1', 1.0), ('y0_0-0', 1.0), ('y0_1-0', -0.0), ('y0_0-1', -0.0), ('y0_1-1', -0.0), ('a0', 11.142857142857142)]","[[('x_0', 1.0), ('x_1', 0.0)]]"
0,8.0,11.0,8.0,8.0,8.0,"[[[0.0, 2.0], [7.0, 4.0]]]","[[[1.0, 4.0], [5.0, 7.0]]]",True,True,True,True,False,"[('x0_0,', 0.0), ('x0_1,', 1.0), ('x1_0,0', 0.0), ('x1_1,0', 1.0), ('x1_0,1', 1.0), ('x1_1,1', 0.0), ('y0_0-0', 0.0), ('y0_1-0', 1.0), ('y0_0-1', 0.0), ('y0_1-1', 0.0), ('a0', 12.0)]","[[('x_0', 0.0), ('x_1', 1.0)]]"
